Book-ID,Book-Title,Book-Genre,Book-Author,Year-Of-Publication,Publisher,Image-URL-M
195153448,Classical Mythology,"Mythology, History",Mark P. O. Morford,2002,Oxford University Press,http://images.amazon.com/images/P/0195153448.01.MZZZZZZZ.jpg
2005018,Clara Callan,"Historical Fiction, Literary Fiction",Richard Bruce Wright,2001,HarperFlamingo Canada,http://images.amazon.com/images/P/0002005018.01.MZZZZZZZ.jpg
60973129,Decision in Normandy,"History, Military",Carlo D'Este,1991,HarperPerennial,http://images.amazon.com/images/P/0060973129.01.MZZZZZZZ.jpg
374157065,Flu: The Story of the Great Influenza Pandemic of 1918 and the Search for the Virus That Caused It,"Non-Fiction, Medical History",Gina Bari Kolata,1999,Farrar Straus Giroux,http://images.amazon.com/images/P/0374157065.01.MZZZZZZZ.jpg
393045218,The Mummies of Urumchi,"Archaeology, History",E. J. W. Barber,1999,W. W. Norton &amp, Company
399135782,The Kitchen God's Wife,"Historical Fiction, Contemporary",Amy Tan,1991,Putnam Pub Group,http://images.amazon.com/images/P/0399135782.01.MZZZZZZZ.jpg
425176428,What If?: The World's Foremost Military Historians Imagine What Might Have Been,"Alternative History, Non-Fiction",Robert Cowley,2000,Berkley Publishing Group,http://images.amazon.com/images/P/0425176428.01.MZZZZZZZ.jpg
671870432,PLEADING GUILTY,Legal Thriller,Scott Turow,1993,Audioworks,http://images.amazon.com/images/P/0671870432.01.MZZZZZZZ.jpg
679425608,Under the Black Flag: The Romance and the Reality of Life Among the Pirates,"History, Non-Fiction",David Cordingly,1996,Random House,http://images.amazon.com/images/P/0679425608.01.MZZZZZZZ.jpg
074322678X,Where You'll Find Me: And Other Stories,"Short Stories, Literary Fiction",Ann Beattie,2002,Scribner,http://images.amazon.com/images/P/074322678X.01.MZZZZZZZ.jpg
771074670,Nights Below Station Street,Literary Fiction,David Adams Richards,1988,Emblem Editions,http://images.amazon.com/images/P/0771074670.01.MZZZZZZZ.jpg
080652121X,Hitler's Secret Bankers: The Myth of Swiss Neutrality During the Holocaust,"History, Non-Fiction",Adam Lebor,2000,Citadel Press,http://images.amazon.com/images/P/080652121X.01.MZZZZZZZ.jpg
887841740,The Middle Stories,"Short Stories, Contemporary",Sheila Heti,2004,House of Anansi Press,http://images.amazon.com/images/P/0887841740.01.MZZZZZZZ.jpg
1552041778,Jane Doe,"Thriller, Mystery",R. J. Kaiser,1999,Mira Books,http://images.amazon.com/images/P/1552041778.01.MZZZZZZZ.jpg
1558746218,A Second Chicken Soup for the Woman's Soul (Chicken Soup for the Soul Series),"Self-Help, Inspirational",Jack Canfield,1998,Health Communications,http://images.amazon.com/images/P/1558746218.01.MZZZZZZZ.jpg
1567407781,The Witchfinder (Amos Walker Mystery Series),"Mystery, Detective Fiction",Loren D. Estleman,1998,Brilliance Audio - Trade,http://images.amazon.com/images/P/1567407781.01.MZZZZZZZ.jpg
1575663937,More Cunning Than Man: A Social History of Rats and Man,"History, Science",Robert Hendrickson,1999,Kensington Publishing Corp.,http://images.amazon.com/images/P/1575663937.01.MZZZZZZZ.jpg
1881320189,Goodbye to the Buttermilk Sky,Historical Fiction,Julia Oliver,1994,River City Pub,http://images.amazon.com/images/P/1881320189.01.MZZZZZZZ.jpg
440234743,The Testament,Legal Thriller,John Grisham,1999,Dell,http://images.amazon.com/images/P/0440234743.01.MZZZZZZZ.jpg
452264464,Beloved (Plume Contemporary Fiction),"Historical Fiction, Literary Fiction",Toni Morrison,1994,Plume,http://images.amazon.com/images/P/0452264464.01.MZZZZZZZ.jpg
609804618,Our Dumb Century: The Onion Presents 100 Years of Headlines from America's Finest News Source,"Humor, Satire",The Onion,1999,Three Rivers Press,http://images.amazon.com/images/P/0609804618.01.MZZZZZZZ.jpg
1841721522,New Vegetarian: Bold and Beautiful Recipes for Every Occasion,"Cookbook, Non-Fiction",Celia Brooks Brown,2001,Ryland Peters &amp, Small Ltd
1879384493,If I'd Known Then What I Know Now: Why Not Learn from the Mistakes of Others? : You Can't Afford to Make Them All Yourself,"Self-Help, Advice",J. R. Parrish,2003,Cypress House,http://images.amazon.com/images/P/1879384493.01.MZZZZZZZ.jpg
61076031,Mary-Kate &amp, Ashley Switching Goals (Mary-Kate and Ashley Starring in),"Children's, Young Adult",Mary-Kate &amp, Ashley Olsen,2000
439095026,Tell Me This Isn't Happening,"Young Adult, Coming-of-Age",Robynn Clairday,1999,Scholastic,http://images.amazon.com/images/P/0439095026.01.MZZZZZZZ.jpg
689821166,Flood : Mississippi 1927,"History, Non-Fiction",Kathleen Duey,1998,Aladdin,http://images.amazon.com/images/P/0689821166.01.MZZZZZZZ.jpg
971880107,Wild Animus,Literary Fiction,Rich Shapero,2004,Too Far,http://images.amazon.com/images/P/0971880107.01.MZZZZZZZ.jpg
345402871,Airframe,"Thriller, Techno-Thriller",Michael Crichton,1997,Ballantine Books,http://images.amazon.com/images/P/0345402871.01.MZZZZZZZ.jpg
345417623,Timeline,"Science Fiction, Time Travel",MICHAEL CRICHTON,2000,Ballantine Books,http://images.amazon.com/images/P/0345417623.01.MZZZZZZZ.jpg
684823802,OUT OF THE SILENT PLANET,"Science Fiction, Fantasy",C.S. Lewis,1996,Scribner,http://images.amazon.com/images/P/0684823802.01.MZZZZZZZ.jpg
375759778,Prague : A Novel,Literary Fiction,ARTHUR PHILLIPS,2003,Random House Trade Paperbacks,http://images.amazon.com/images/P/0375759778.01.MZZZZZZZ.jpg
425163091,Chocolate Jesus,"Satire, Contemporary Fiction",Stephan Jaramillo,1998,Berkley Publishing Group,http://images.amazon.com/images/P/0425163091.01.MZZZZZZZ.jpg
3404921038,Wie Barney es sieht.,Contemporary Fiction,Mordecai Richler,2002,L??�bbe,http://images.amazon.com/images/P/3404921038.01.MZZZZZZZ.jpg
3442353866,Der Fluch der Kaiserin. Ein Richter- Di- Roman.,"Historical Fiction, Mystery",Eleanor Cooney,2001,Goldmann,http://images.amazon.com/images/P/3442353866.01.MZZZZZZZ.jpg
3442410665,Sturmzeit. Roman.,Historical Fiction,Charlotte Link,1991,Goldmann,http://images.amazon.com/images/P/3442410665.01.MZZZZZZZ.jpg
3442446937,Tage der Unschuld.,Contemporary Fiction,Richard North Patterson,2000,Goldmann,http://images.amazon.com/images/P/3442446937.01.MZZZZZZZ.jpg
375406328,Lying Awake,Literary Fiction,Mark Salzman,2000,Alfred A. Knopf,http://images.amazon.com/images/P/0375406328.01.MZZZZZZZ.jpg
446310786,To Kill a Mockingbird,"Classic, Historical Fiction",Harper Lee,1988,Little Brown &amp, Company
449005615,Seabiscuit: An American Legend,"Non-Fiction, History, Sports",LAURA HILLENBRAND,2002,Ballantine Books,http://images.amazon.com/images/P/0449005615.01.MZZZZZZZ.jpg
60168013,Pigs in Heaven,Contemporary Fiction,Barbara Kingsolver,1993,Harpercollins,http://images.amazon.com/images/P/0060168013.01.MZZZZZZZ.jpg
038078243X,Miss Zukas and the Raven's Dance,"Mystery, Cozy Mystery",Jo Dereske,1996,Avon,http://images.amazon.com/images/P/038078243X.01.MZZZZZZZ.jpg
055321215X,Pride and Prejudice,"Classic, Romance",Jane Austen,1983,Bantam,http://images.amazon.com/images/P/055321215X.01.MZZZZZZZ.jpg
067176537X,The Therapeutic Touch: How to Use Your Hands to Help or to Heal,"Health, Alternative Medicine",Dolores Krieger,1979,Fireside,http://images.amazon.com/images/P/067176537X.01.MZZZZZZZ.jpg
61099686,Downtown,Contemporary Fiction,Anne Rivers Siddons,1995,HarperTorch,http://images.amazon.com/images/P/0061099686.01.MZZZZZZZ.jpg
553582909,Icebound,"Thriller, Adventure",Dean R. Koontz,2000,Bantam Books,http://images.amazon.com/images/P/0553582909.01.MZZZZZZZ.jpg
671888587,I'll Be Seeing You,"Romance, Contemporary Fiction",Mary Higgins Clark,1994,Pocket,http://images.amazon.com/images/P/0671888587.01.MZZZZZZZ.jpg
553582747,From the Corner of His Eye,"Thriller, Supernatural",Dean Koontz,2001,Bantam Books,http://images.amazon.com/images/P/0553582747.01.MZZZZZZZ.jpg
425182908,Isle of Dogs,"Mystery, Thriller",Patricia Cornwell,2002,Berkley Publishing Group,http://images.amazon.com/images/P/0425182908.01.MZZZZZZZ.jpg
042518630X,Purity in Death,"Science Fiction, Crime",J.D. Robb,2002,Berkley Publishing Group,http://images.amazon.com/images/P/042518630X.01.MZZZZZZZ.jpg
440223571,This Year It Will Be Different: And Other Stories,"Short Stories, Holiday",Maeve Binchy,1997,Dell,http://images.amazon.com/images/P/0440223571.01.MZZZZZZZ.jpg
812523873,Proxies,Literary Fiction,Laura J. Mixon,1999,Tor Books,http://images.amazon.com/images/P/0812523873.01.MZZZZZZZ.jpg
842342702,Left Behind: A Novel of the Earth's Last Days (Left Behind #1),"Religious Fiction, Apocalyptic",Tim Lahaye,2000,Tyndale House Publishers,http://images.amazon.com/images/P/0842342702.01.MZZZZZZZ.jpg
440225701,The Street Lawyer,Legal Thriller,JOHN GRISHAM,1999,Dell,http://images.amazon.com/images/P/0440225701.01.MZZZZZZZ.jpg
60914068,"Love, Medicine and Miracles","Self-Help, Health",M.D. Bernie S. Siegel,1988,HarperCollins Publishers,http://images.amazon.com/images/P/0060914068.01.MZZZZZZZ.jpg
156047624,All the King's Men,"Classic, Political Fiction",Robert Penn Warren,1982,Harvest Books,http://images.amazon.com/images/P/0156047624.01.MZZZZZZZ.jpg
245542957,Pacific Northwest,"Travel, Non-Fiction",Hans Johannes Hoefer,1985,Chambers Harrap Publishers Ltd,http://images.amazon.com/images/P/0245542957.01.MZZZZZZZ.jpg
380715899,A Soldier of the Great War,"Historical Fiction, War",Mark Helprin,1992,Avon Books,http://images.amazon.com/images/P/0380715899.01.MZZZZZZZ.jpg
553280333,Getting Well Again,"Health, Self-Help",O. Carol Simonton Md,1992,Bantam,http://images.amazon.com/images/P/0553280333.01.MZZZZZZZ.jpg
961769947,Northwest Wines and Wineries,"Food & Drink, Travel",Chuck Hill,1993,Speed Graphics,http://images.amazon.com/images/P/0961769947.01.MZZZZZZZ.jpg
964778319,An Atmosphere of Eternity: Stories of India,"Short Stories, Cultural",David Iglehart,2002,Sunflower Press,http://images.amazon.com/images/P/0964778319.01.MZZZZZZZ.jpg
671623249,LONESOME DOVE,"Western, Historical Fiction",Larry McMurtry,1986,Pocket,http://images.amazon.com/images/P/0671623249.01.MZZZZZZZ.jpg
679810307,Shabanu: Daughter of the Wind (Border Trilogy),"Young Adult, Cultural Fiction",SUZANNE FISHER STAPLES,1991,Laurel Leaf,http://images.amazon.com/images/P/0679810307.01.MZZZZZZZ.jpg
679865691,Haveli (Laurel Leaf Books),"Young Adult, Cultural Fiction",SUZANNE FISHER STAPLES,1995,Laurel Leaf,http://images.amazon.com/images/P/0679865691.01.MZZZZZZZ.jpg
2070423204,Lieux dits,Literary Fiction,Michel Tournier,2002,Gallimard,http://images.amazon.com/images/P/2070423204.01.MZZZZZZZ.jpg
345260317,The Dragons of Eden: Speculations on the Evolution of Human Intelligence,"Science, Philosophy",Carl Sagan,1978,Ballantine Books,http://images.amazon.com/images/P/0345260317.01.MZZZZZZZ.jpg
394743741,The yawning heights,"Political Satire, Philosophy",Aleksandr Zinoviev,1980,Random House,http://images.amazon.com/images/P/0394743741.01.MZZZZZZZ.jpg
042511774X,Breathing Lessons,"Literary Fiction, Family Drama",Anne Tyler,1994,Berkley Publishing Group,http://images.amazon.com/images/P/042511774X.01.MZZZZZZZ.jpg
804106304,The Joy Luck Club,"Contemporary, Family Drama",Amy Tan,1994,Prentice Hall (K-12),http://images.amazon.com/images/P/0804106304.01.MZZZZZZZ.jpg
1853262404,Heart of Darkness (Wordsworth Collection),"Classic, Colonial Literature",Joseph Conrad,1998,NTC/Contemporary Publishing Company,http://images.amazon.com/images/P/1853262404.01.MZZZZZZZ.jpg
312970242,The Angel Is Near,"Thriller, Supernatural",Deepak Chopra,2000,St. Martin's Press,http://images.amazon.com/images/P/0312970242.01.MZZZZZZZ.jpg
1853260053,Tess of the D'Urbervilles (Wordsworth Classics),"Classic, Romance",Thomas Hardy,1997,NTC/Contemporary Publishing Company,http://images.amazon.com/images/P/1853260053.01.MZZZZZZZ.jpg
1414035004,The Adventures of Drew and Ellie: The Magical Dress,Children's Fiction,Charles Noland,2003,1stBooks Library,http://images.amazon.com/images/P/1414035004.01.MZZZZZZZ.jpg
60938412,The Accidental Virgin,Romantic Comedy,Valerie Frankel,2003,Avon Trade,http://images.amazon.com/images/P/0060938412.01.MZZZZZZZ.jpg
140067477,The Tao of Pooh,"Philosophy, Self-Help",Benjamin Hoff,1983,Penguin Books,http://images.amazon.com/images/P/0140067477.01.MZZZZZZZ.jpg
345465083,Seabiscuit,"Non-Fiction, History, Sports",LAURA HILLENBRAND,2003,Ballantine Books,http://images.amazon.com/images/P/0345465083.01.MZZZZZZZ.jpg
451625889,The Prince,Political Philosophy,Niccolo Machiavelli,1952,Signet Book,http://images.amazon.com/images/P/0451625889.01.MZZZZZZZ.jpg
1558531025,Life's Little Instruction Book (Life's Little Instruction Books (Paperback)),"Self-Help, Advice",H. Jackson Brown,1991,Thomas Nelson,http://images.amazon.com/images/P/1558531025.01.MZZZZZZZ.jpg
441783589,Starship Troopers,"Science Fiction, Military",Robert A. Heinlein,1987,Ace Books,http://images.amazon.com/images/P/0441783589.01.MZZZZZZZ.jpg
394895894,"The Ruby in the Smoke (Sally Lockhart Trilogy, Book 1)","Historical Mystery, Young Adult",PHILIP PULLMAN,1988,Laurel Leaf,http://images.amazon.com/images/P/0394895894.01.MZZZZZZZ.jpg
1569871213,Black Beauty (Illustrated Classics),"Classic, Children's Fiction",Anna Sewell,1995,Landoll,http://images.amazon.com/images/P/1569871213.01.MZZZZZZZ.jpg
375410538,Anil's Ghost,"Historical Fiction, War",MICHAEL ONDAATJE,2000,Knopf,http://images.amazon.com/images/P/0375410538.01.MZZZZZZZ.jpg
966986105,Prescription for Terror,"Thriller, Medical",Sandra Levy Ceren,1999,Andrew Scott Publishers,http://images.amazon.com/images/P/0966986105.01.MZZZZZZZ.jpg
087113375X,Modern Manners: An Etiquette Book for Rude People,"Humor, Satire",P.J. O'Rourke,1990,Atlantic Monthly Press,http://images.amazon.com/images/P/087113375X.01.MZZZZZZZ.jpg
340767936,Turning Thirty,Contemporary Fiction,Mike Gayle,2000,Hodder &amp, Stoughton General Division
743403843,Decipher,"Science Fiction, Adventure",Stel Pavlou,2002,Simon &amp, Schuster (Trade Division)
60930365,"My First Cousin Once Removed: Money, Madness, and the Family of Robert Lowell","Memoir, Biography",Sarah Payne Stuart,1999,Perennial,http://images.amazon.com/images/P/0060930365.01.MZZZZZZZ.jpg
60177586,Standing Firm: A Vice-Presidential Memoir,"Politics, Memoir",Dan Quayle,1994,Harpercollins,http://images.amazon.com/images/P/0060177586.01.MZZZZZZZ.jpg
71416331,Team Bush : Leadership Lessons from the Bush White House,"Politics, Leadership",Donald F. Kettl,2003,McGraw-Hill,http://images.amazon.com/images/P/0071416331.01.MZZZZZZZ.jpg
375509038,The Right Man : The Surprise Presidency of George W. Bush,"Politics, Biography",DAVID FRUM,2003,Random House,http://images.amazon.com/images/P/0375509038.01.MZZZZZZZ.jpg
553062042,Daybreakers Louis Lamour Collection,Western,Louis Lamour,1981,Bantam Doubleday Dell,http://images.amazon.com/images/P/0553062042.01.MZZZZZZZ.jpg
316769487,The Catcher in the Rye,"Classic, Coming-of-Age",J.D. Salinger,1991,"Little, Brown",http://images.amazon.com/images/P/0316769487.01.MZZZZZZZ.jpg
8445071408,El Senor De Los Anillos: LA Comunidad Del Anillo (Lord of the Rings (Spanish)),"Fantasy, Classic",J. R. R. Tolkien,2001,Minotauro,http://images.amazon.com/images/P/8445071408.01.MZZZZZZZ.jpg
679429220,Midnight in the Garden of Good and Evil: A Savannah Story,"True Crime, Non-Fiction",John Berendt,1994,Random House,http://images.amazon.com/images/P/0679429220.01.MZZZZZZZ.jpg
671867156,Pretend You Don't See Her,"Thriller, Romance",Mary Higgins Clark,1998,Pocket,http://images.amazon.com/images/P/0671867156.01.MZZZZZZZ.jpg
312252617,Fast Women,"Romance, Mystery",Jennifer Crusie,2001,St. Martin's Press,http://images.amazon.com/images/P/0312252617.01.MZZZZZZZ.jpg
312261594,Female Intelligence,Romantic Comedy,Jane Heller,2001,St. Martin's Press,http://images.amazon.com/images/P/0312261594.01.MZZZZZZZ.jpg
316748641,Pasquale's Nose: Idle Days in an Italian Town,"Travel, Memoir",Michael Rips,2002,Back Bay Books,http://images.amazon.com/images/P/0316748641.01.MZZZZZZZ.jpg
316973742,The Gospel of Judas: A Novel,Historical Fiction,Simon Mawer,2002,Back Bay Books,http://images.amazon.com/images/P/0316973742.01.MZZZZZZZ.jpg
385235941,"Prize Stories, 1987: The O'Henry Awards",Short Stories,William Abrahams,1987,Doubleday Books,http://images.amazon.com/images/P/0385235941.01.MZZZZZZZ.jpg
446677450,"Rich Dad, Poor Dad: What the Rich Teach Their Kids About Money--That the Poor and Middle Class Do Not!","Personal Finance, Self-Help",Robert T. Kiyosaki,2000,Warner Books,http://images.amazon.com/images/P/0446677450.01.MZZZZZZZ.jpg
451166892,The Pillars of the Earth,Historical Fiction,Ken Follett,1996,Signet Book,http://images.amazon.com/images/P/0451166892.01.MZZZZZZZ.jpg
553347594,McDonald's: Behind the Arches,"Business, Non-Fiction",John F. Love,1995,Bantam,http://images.amazon.com/images/P/0553347594.01.MZZZZZZZ.jpg
671621009,Creating Wealth : Retire in Ten Years Using Allen's Seven Principles of Wealth!,"Personal Finance, Self-Help",Robert G. Allen,1986,Fireside,http://images.amazon.com/images/P/0671621009.01.MZZZZZZZ.jpg
067976397X,Corelli's Mandolin : A Novel,"Historical Fiction, Romance",LOUIS DE BERNIERES,1995,Vintage,http://images.amazon.com/images/P/067976397X.01.MZZZZZZZ.jpg
684822733,"Love, Miracles, and Animal Healing : A heartwarming look at the spiritual bond between animals and humans","Non-Fiction, Spirituality",Pam Proctor,1996,Fireside,http://images.amazon.com/images/P/0684822733.01.MZZZZZZZ.jpg
786868716,The Five People You Meet in Heaven,"Fiction, Inspirational",Mitch Albom,2003,Hyperion,http://images.amazon.com/images/P/0786868716.01.MZZZZZZZ.jpg
8472238822,Tu Nombre Escrito En El Agua (La Sonrisa Vertical),"Romance, Fiction",Irene Gonzalez Frei,2002,Tusquets,http://images.amazon.com/images/P/8472238822.01.MZZZZZZZ.jpg
671864769,Relics (Star Trek: The Next Generation),Science Fiction,Michael Jan Friedman,1992,Star Trek,http://images.amazon.com/images/P/0671864769.01.MZZZZZZZ.jpg
671521519,Bless The Beasts And Children : Bless The Beasts And Children,"Young Adult, Fiction",Glendon Swarthout,1995,Pocket,http://images.amazon.com/images/P/0671521519.01.MZZZZZZZ.jpg
440222303,"The Touch of Your Shadow, the Whisper of Your Name (Babylon 5, Book 5)",Science Fiction,Neal Barrett Jr.,1996,Dell,http://images.amazon.com/images/P/0440222303.01.MZZZZZZZ.jpg
312953453,Blood Oath,"Thriller, Mystery",David Morrell,1994,St. Martin's Press,http://images.amazon.com/images/P/0312953453.01.MZZZZZZZ.jpg
446608653,The Alibi,"Thriller, Mystery",Sandra Brown,2000,Warner Books,http://images.amazon.com/images/P/0446608653.01.MZZZZZZZ.jpg
446612545,The Beach House,"Thriller, Mystery",James Patterson,2003,Warner Books,http://images.amazon.com/images/P/0446612545.01.MZZZZZZZ.jpg
446612618,A Kiss Remembered,Romance,Sandra Brown,2003,Warner Books,http://images.amazon.com/images/P/0446612618.01.MZZZZZZZ.jpg
451208080,The Short Forever,"Thriller, Spy Fiction",Stuart Woods,2003,Signet Book,http://images.amazon.com/images/P/0451208080.01.MZZZZZZZ.jpg
553584383,Dead Aim,"Thriller, Mystery",IRIS JOHANSEN,2004,Bantam Books,http://images.amazon.com/images/P/0553584383.01.MZZZZZZZ.jpg
671027360,Angels &amp, Demons,"Thriller, Mystery",Dan Brown,2001,Pocket Star
812575954,The Deal,"Business, Fiction",Joe Hutsko,2000,Tor Books (Mm),http://images.amazon.com/images/P/0812575954.01.MZZZZZZZ.jpg
316735736,All He Ever Wanted: A Novel,"Fiction, Drama",Anita Shreve,2004,Back Bay Books,http://images.amazon.com/images/P/0316735736.01.MZZZZZZZ.jpg
743439740,"Every Breath You Take : A True Story of Obsession, Revenge, and Murder","True Crime, Non-Fiction",Ann Rule,2002,Pocket,http://images.amazon.com/images/P/0743439740.01.MZZZZZZZ.jpg
345372700,"If I Ever Get Back to Georgia, I'm Gonna Nail My Feet to the Ground","Memoir, Humor",LEWIS GRIZZARD,1991,Ballantine Books,http://images.amazon.com/images/P/0345372700.01.MZZZZZZZ.jpg
380619458,The Mosquito Coast,"Adventure, Fiction",Paul Theroux,1990,Harper Mass Market Paperbacks (Mm),http://images.amazon.com/images/P/0380619458.01.MZZZZZZZ.jpg
446325805,"If Love Were Oil, I'd Be About a Quart Low","Humor, Memoir",Lewis Grizzard,1994,Warner Books (Mm),http://images.amazon.com/images/P/0446325805.01.MZZZZZZZ.jpg
451406923,"Goodbye, My Little Ones: The True Story of a Murderous Mother and Five Innocent Victims","True Crime, Non-Fiction",Charles Hickey,1996,Onyx Books,http://images.amazon.com/images/P/0451406923.01.MZZZZZZZ.jpg
671042858,The Girl Who Loved Tom Gordon,"Horror, Thriller",Stephen King,2000,Pocket,http://images.amazon.com/images/P/0671042858.01.MZZZZZZZ.jpg
743249992,Bringing Down the House: The Inside Story of Six M.I.T. Students Who Took Vegas for Millions,"Non-Fiction, Gambling",Ben Mezrich,2003,Free Press,http://images.amazon.com/images/P/0743249992.01.MZZZZZZZ.jpg
840734530,"The Oneprince (The Redaemian Chronicles, Book 1)","Fantasy, Fiction",Bill Hand,1992,Thomas Nelson Inc,http://images.amazon.com/images/P/0840734530.01.MZZZZZZZ.jpg
425184226,The Sum of All Fears,"Thriller, Spy Fiction",Tom Clancy,2002,Berkley Publishing Group,http://images.amazon.com/images/P/0425184226.01.MZZZZZZZ.jpg
375500766,Care Packages : Letters to Christopher Reeve from Strangers and Other Friends,"Non-Fiction, Letters",DANA REEVE,1999,Random House,http://images.amazon.com/images/P/0375500766.01.MZZZZZZZ.jpg
9724119378,O Deus Das Pequenas Coisas,"Fiction, Literary",Roy,1998,Edicoes Asa,http://images.amazon.com/images/P/9724119378.01.MZZZZZZZ.jpg
451205197,Lady in Green/Minor Indiscretions (Signet Regency Romance),Historical Romance,Barbara Metzger,2002,Signet Book,http://images.amazon.com/images/P/0451205197.01.MZZZZZZZ.jpg
60929790,One Hundred Years of Solitude,"Magical Realism, Literary",Gabriel Garcia Marquez,1998,Perennial,http://images.amazon.com/images/P/0060929790.01.MZZZZZZZ.jpg
60976845,Little Altars Everywhere: A Novel,"Fiction, Southern Gothic",Rebecca Wells,1996,Perennial,http://images.amazon.com/images/P/0060976845.01.MZZZZZZZ.jpg
61099325,Coyote Waits (Joe Leaphorn/Jim Chee Novels),"Mystery, Crime Fiction",Tony Hillerman,1992,HarperTorch,http://images.amazon.com/images/P/0061099325.01.MZZZZZZZ.jpg
671004573,Before I Say Good-Bye,"Thriller, Mystery",Mary Higgins Clark,2001,Pocket,http://images.amazon.com/images/P/0671004573.01.MZZZZZZZ.jpg
446601640,Slow Waltz in Cedar Bend,"Romance, Fiction",Robert James Waller,1994,Warner Books,http://images.amazon.com/images/P/0446601640.01.MZZZZZZZ.jpg
330484516,Twenty Minute Retreats: Revive Your Spirits in Just Minutes a Day (A Pan Self-discovery Title),"Self-Help, Spirituality",Rachel Harris,2001,Pan Macmillan,http://images.amazon.com/images/P/0330484516.01.MZZZZZZZ.jpg
038572179X,Atonement : A Novel,"Historical Fiction, Drama",IAN MCEWAN,2003,Anchor,http://images.amazon.com/images/P/038572179X.01.MZZZZZZZ.jpg
393020371,Next: The Future Just Happened,"Non-Fiction, Technology",Michael Lewis,2001,W.W. Norton &amp, Company
1900850303,The Angelic Darkness,"Fiction, Fantasy",Richard Zimler,1999,Arcadia Books,http://images.amazon.com/images/P/1900850303.01.MZZZZZZZ.jpg
1903019699,The Soulbane Stratagem,Science Fiction,Norman Jetmundsen,2000,"John Hunt Publishing, Ltd.",http://images.amazon.com/images/P/1903019699.01.MZZZZZZZ.jpg
345425294,Gangster,"Crime, Thriller",Lorenzo Carcaterra,2002,Fawcett Books,http://images.amazon.com/images/P/0345425294.01.MZZZZZZZ.jpg
451410319,Hush,"Thriller, Mystery",Anne Frasier,2002,Onyx Books,http://images.amazon.com/images/P/0451410319.01.MZZZZZZZ.jpg
553583468,"Whisper of Evil (Hooper, Kay. Evil Trilogy.)","Thriller, Mystery",Kay Hooper,2002,Bantam Books,http://images.amazon.com/images/P/0553583468.01.MZZZZZZZ.jpg
8420639133,Temor y Temblor,"Philosophy, Non-Fiction",Soren Kierkegaard,2001,Alianza,http://images.amazon.com/images/P/8420639133.01.MZZZZZZZ.jpg
8476409419,Estudios sobre el amor,"Philosophy, Non-Fiction",Jose Ortega Y Gaset,2001,Downtown Book Center,http://images.amazon.com/images/P/8476409419.01.MZZZZZZZ.jpg
380778556,Rebecca,"Gothic Fiction, Mystery",Daphne Du Maurier,1994,Avon,http://images.amazon.com/images/P/0380778556.01.MZZZZZZZ.jpg
451525221,Scarlet Letter,"Classic, Historical Fiction",Nathaniel Hawthorne,1993,Signet Book,http://images.amazon.com/images/P/0451525221.01.MZZZZZZZ.jpg
2740230,Keep It Simple: And Get More Out of Life,"Self-Help, Lifestyle",Nick Page,1999,Trafalgar Square,http://images.amazon.com/images/P/0002740230.01.MZZZZZZZ.jpg
385336772,Diary of a Mad Mom-To-Be,"Humor, Fiction",Laura Wolf,2003,Delta,http://images.amazon.com/images/P/0385336772.01.MZZZZZZZ.jpg
440949424,Locked in Time (Laurel Leaf Books),"Young Adult, Mystery",LOIS DUNCAN,1986,Laure Leaf,http://images.amazon.com/images/P/0440949424.01.MZZZZZZZ.jpg
505524996,Contact,Science Fiction,Susan Grant,2002,Love Spell,http://images.amazon.com/images/P/0505524996.01.MZZZZZZZ.jpg
140252800,The Brimstone Wedding,"Gothic Fiction, Mystery",Barbara Vine,1997,Penguin Books Ltd,http://images.amazon.com/images/P/0140252800.01.MZZZZZZZ.jpg
451452755,The Catswold Portal,"Fantasy, Fiction",Shirley Rousseau Murphy,1993,Roc,http://images.amazon.com/images/P/0451452755.01.MZZZZZZZ.jpg
812575482,Through Wolf's Eyes (Wolf),"Fantasy, Fiction",Jane Lindskold,2002,Tor Fantasy,http://images.amazon.com/images/P/0812575482.01.MZZZZZZZ.jpg
044651747X,Puerto Vallarta Squeeze,"Thriller, Fiction",Robert James Waller,1995,Warner Books,http://images.amazon.com/images/P/044651747X.01.MZZZZZZZ.jpg
60801263,Tree Grows In Brooklyn,"Classic, Fiction",Betty Smith,1988,Harpercollins Publisher,http://images.amazon.com/images/P/0060801263.01.MZZZZZZZ.jpg
61030147,"Cybill Disobedience: How I Survived Beauty Pageants, Elvis, Sex, Bruce Willis, Lies, Marriage, Motherhood, Hollywood, and the Irrepressible Urge to Say What I Think","Memoir, Biography",Cybill Shepherd,2001,Avon Books,http://images.amazon.com/images/P/0061030147.01.MZZZZZZZ.jpg
140250964,Snow Angels,"Fiction, Literary",Stewart O'Nan,1995,Penguin Books,http://images.amazon.com/images/P/0140250964.01.MZZZZZZZ.jpg
446527165,Wish You Well,Historical Fiction,David Baldacci,2000,Warner Books,http://images.amazon.com/images/P/0446527165.01.MZZZZZZZ.jpg
671461494,The Hitchhiker's Guide to the Galaxy,"Science Fiction, Humor",Douglas Adams,1982,Pocket,http://images.amazon.com/images/P/0671461494.01.MZZZZZZZ.jpg
385337639,Crow Lake (Today Show Book Club #7),"Fiction, Literary",Mary Lawson,2003,Delta,http://images.amazon.com/images/P/0385337639.01.MZZZZZZZ.jpg
039575514X,My Antonia,"Classic, Historical Fiction",Willa Cather,1995,Mariner Books,http://images.amazon.com/images/P/039575514X.01.MZZZZZZZ.jpg
451206673,Pen Pals,"Fiction, Romance",Olivia Goldsmith,2002,Signet Book,http://images.amazon.com/images/P/0451206673.01.MZZZZZZZ.jpg
330332775,Bridget Jones's Diary,"Romance, Humor",Helen Fielding,1997,Picador (UK),http://images.amazon.com/images/P/0330332775.01.MZZZZZZZ.jpg
486284735,Pride and Prejudice (Dover Thrift Editions),"Classic, Romance",Jane Austen,1995,Dover Publications,http://images.amazon.com/images/P/0486284735.01.MZZZZZZZ.jpg
671021745,EYE ON CRIME: HARDY BOYS #153,"Mystery, Young Adult",Franklin W. Dixon,1998,Aladdin,http://images.amazon.com/images/P/0671021745.01.MZZZZZZZ.jpg
671047612,Skin And Bones,"Thriller, Mystery",Franklin W. Dixon,2000,Aladdin,http://images.amazon.com/images/P/0671047612.01.MZZZZZZZ.jpg
671504282,"LAW OF THE JUNGLE (HARDY BOYS CASE FILE 105) : LAW OF THE JUNGLE (Hardy Boys, The)","Young Adult, Mystery",Franklin W. Dixon,1995,Simon Pulse,http://images.amazon.com/images/P/0671504282.01.MZZZZZZZ.jpg
399138684,The Cat Who Came to Breakfast (Cat Who... (Hardcover)),Cozy Mystery,Lilian Jackson Braun,1994,Putnam Pub Group,http://images.amazon.com/images/P/0399138684.01.MZZZZZZZ.jpg
785263292,"If Singleness Is a Gift, What's the Return Policy?","Self-Help, Christian",Holly Virden,2003,Nelson Books,http://images.amazon.com/images/P/0785263292.01.MZZZZZZZ.jpg
830714014,Always Daddy's Girl: Understanding Your Father's Impact on Who You Are,"Self-Help, Psychology",H. Norman Wright,1989,Regal Books,http://images.amazon.com/images/P/0830714014.01.MZZZZZZZ.jpg
345354931,Night Mare (Xanth Novels (Paperback)),"Fantasy, Humor",Piers Anthony,1990,Del Rey Books,http://images.amazon.com/images/P/0345354931.01.MZZZZZZZ.jpg
553278223,The Martian Chronicles,"Science Fiction, Classic",RAY BRADBURY,1984,Spectra,http://images.amazon.com/images/P/0553278223.01.MZZZZZZZ.jpg
3150000335,Kabale Und Liebe,"Classic, Drama",Schiller,0,"Philipp Reclam, Jun Verlag GmbH",http://images.amazon.com/images/P/3150000335.01.MZZZZZZZ.jpg
3257203659,Der illustrierte Mann. Erz??�hlungen.,"Science Fiction, Short Stories",Ray Bradbury,2002,Diogenes,http://images.amazon.com/images/P/3257203659.01.MZZZZZZZ.jpg
3257207522,Der K??�nig in Gelb.,"Horror, Weird Fiction",Raymond Chandler,1980,Diogenes Verlag,http://images.amazon.com/images/P/3257207522.01.MZZZZZZZ.jpg
3257208626,Fahrenheit 451,"Dystopian, Science Fiction",Ray Bradbury,1994,Distribooks Inc,http://images.amazon.com/images/P/3257208626.01.MZZZZZZZ.jpg
3257208634,Die Mars- Chroniken. Roman in Erz??�hlungen.,Science Fiction,Ray Bradbury,1981,Diogenes Verlag,http://images.amazon.com/images/P/3257208634.01.MZZZZZZZ.jpg
3257208669,Das B??�se kommt auf leisen Sohlen.,"Horror, Fiction",Ray Bradbury,2003,Diogenes,http://images.amazon.com/images/P/3257208669.01.MZZZZZZZ.jpg
3257210450,L??�wenzahnwein. Roman.,"Fiction, Literary",Ray Bradbury,1999,Diogenes Verlag,http://images.amazon.com/images/P/3257210450.01.MZZZZZZZ.jpg
3257212054,Das Kind von morgen. Erz??�hlungen.,"Science Fiction, Short Stories",Ray Bradbury,2000,Diogenes Verlag,http://images.amazon.com/images/P/3257212054.01.MZZZZZZZ.jpg
3257212429,Die Mechanismen der Freude. Erz??�hlungen.,"Science Fiction, Short Stories",Ray Bradbury,2000,Diogenes Verlag,http://images.amazon.com/images/P/3257212429.01.MZZZZZZZ.jpg
3257214154,Familientreffen. Erz??�hlungen.,"Fiction, Short Stories",Ray Bradbury,2000,Diogenes Verlag,http://images.amazon.com/images/P/3257214154.01.MZZZZZZZ.jpg
3257216416,Der Tod kommt schnell in Mexico. Erz??�hlungen.,"Thriller, Short Stories",Ray Bradbury,1988,Diogenes Verlag,http://images.amazon.com/images/P/3257216416.01.MZZZZZZZ.jpg
3257233051,Veronika Deschliesst Zu Sterben / Vernika Decides to Die,"Fiction, Psychological",Paolo Coelho,2002,Distribooks,http://images.amazon.com/images/P/3257233051.01.MZZZZZZZ.jpg
342311360X,Die Liebe in Den Zelten,"Fiction, Romance",Gabriel Garcia Marquez,0,Deutscher Taschenbuch Verlag (DTV),http://images.amazon.com/images/P/342311360X.01.MZZZZZZZ.jpg
3423116714,Die Klone der Joanna May. Roman.,"Science Fiction, Feminist Fiction",Fay Weldon,1993,Dtv,http://images.amazon.com/images/P/3423116714.01.MZZZZZZZ.jpg
3423241489,Ist mein Hintern wirklich so dick? Tagebuch einer empfindsamen Frau.,"Humor, Memoir",Arabella Weir,1998,Dtv,http://images.amazon.com/images/P/3423241489.01.MZZZZZZZ.jpg
3426605686,Haifischfrauen.,"Fiction, Drama",Kiana Davenport,1996,"Droemersche Verlagsanstalt Th. Knaur Nachf., GmbH &amp; Co.",http://images.amazon.com/images/P/3426605686.01.MZZZZZZZ.jpg
3453212150,Die Cappuccino- Jahre. Aus dem Tagebuch des Adrian Mole.,"Humor, Fiction",Sue Townsend,2002,Heyne,http://images.amazon.com/images/P/3453212150.01.MZZZZZZZ.jpg
3462021095,Schwarzer Tee mit drei St�ck Zucker,"Fiction, Literary",Renan Demirkan,1991,Kiepenheuer &amp, Witsch
3492045642,Quersch??�sse - Downsize This!,"Politics, Non-Fiction",Michael Moore,2003,Piper,http://images.amazon.com/images/P/3492045642.01.MZZZZZZZ.jpg
3498020862,Die Korrekturen.,Literary Fiction,Jonathan Franzen,2002,"Rowohlt, Reinbek",http://images.amazon.com/images/P/3498020862.01.MZZZZZZZ.jpg
3499110695,Neun Erz??�hlungen.,"Classic, Short Stories",Jerome D. Salinger,1968,Rowohlt Tb.,http://images.amazon.com/images/P/3499110695.01.MZZZZZZZ.jpg
3499151502,"Hebt den Dachbalken hoch, Zimmerleute / Seymour wird vorgestellt.","Classic, Fiction",Jerome D. Salinger,1998,Rowohlt Tb.,http://images.amazon.com/images/P/3499151502.01.MZZZZZZZ.jpg
3518111000,"Ulysses (????bersetzg. Wollschl??�ger). ( Neue Folge, 100).","Classic, Modernist",James Joyce,1981,Suhrkamp,http://images.amazon.com/images/P/3518111000.01.MZZZZZZZ.jpg
3548254268,Eine ganz normale Aff??�re.,"Fiction, Romance",Joanna Trollope,2002,Ullstein Tb,http://images.amazon.com/images/P/3548254268.01.MZZZZZZZ.jpg
3570300099,"Das Intimleben des Adrian Mole, 13 3/4 Jahre. cbt. ( Ab 14 J.).","Fiction, Humor",Sue Townsend,2002,"Bertelsmann, M??�nchen",http://images.amazon.com/images/P/3570300099.01.MZZZZZZZ.jpg
3596292646,Das Buch der l??�cherlichen Liebe.,"Literary Fiction, Romance",Milan Kundera,2000,"Fischer (Tb.), Frankfurt",http://images.amazon.com/images/P/3596292646.01.MZZZZZZZ.jpg
60977493,The God of Small Things,"Literary Fiction, Historical Fiction",Arundhati Roy,1998,Perennial,http://images.amazon.com/images/P/0060977493.01.MZZZZZZZ.jpg
312872682,The James Dean Affair: A Neil Gulliver &amp, Stevie Marriner Novel,"Mystery, Thriller",Robert S. Levinson,2000,St Martins Pr
316602906,The Big Bad Wolf: A Novel,"Thriller, Crime",James Patterson,2003,"Little, Brown",http://images.amazon.com/images/P/0316602906.01.MZZZZZZZ.jpg
316693006,Four Blind Mice,"Mystery, Thriller",James Patterson,2002,"Little, Brown",http://images.amazon.com/images/P/0316693006.01.MZZZZZZZ.jpg
345311396,Private Screening,"Thriller, Suspense",Richard North Patterson,1994,Ballantine Books,http://images.amazon.com/images/P/0345311396.01.MZZZZZZZ.jpg
345378490,Congo,"Adventure, Thriller",Michael Crichton,1995,Ballantine Books,http://images.amazon.com/images/P/0345378490.01.MZZZZZZZ.jpg
345404793,Protect and Defend,Political Thriller,Richard North Patterson,2001,Ballantine Books,http://images.amazon.com/images/P/0345404793.01.MZZZZZZZ.jpg
345433173,The Tall Pine Polka,"Contemporary Fiction, Romance",Lorna Landvik,1999,Ballantine Books,http://images.amazon.com/images/P/0345433173.01.MZZZZZZZ.jpg
375400117,Memoirs of a Geisha,"Historical Fiction, Cultural",Arthur Golden,1997,Alfred A. Knopf,http://images.amazon.com/images/P/0375400117.01.MZZZZZZZ.jpg
375705856,Plainsong (Vintage Contemporaries),"Contemporary Fiction, Literary Fiction",KENT HARUF,2000,Vintage,http://images.amazon.com/images/P/0375705856.01.MZZZZZZZ.jpg
380717018,Body of Evidence (Kay Scarpetta Mysteries (Paperback)),"Mystery, Crime Thriller",Patricia D. Cornwell,1992,Avon,http://images.amazon.com/images/P/0380717018.01.MZZZZZZZ.jpg
380718332,All That Remains (Kay Scarpetta Mysteries (Paperback)),"Mystery, Crime Thriller",Patricia D. Cornwell,1993,Avon,http://images.amazon.com/images/P/0380718332.01.MZZZZZZZ.jpg
380754509,The Case of the Lost Look-Alike (An Avon Camelot Book),"Children's Mystery, Adventure",Carol J. Farley,1988,Avon Books,http://images.amazon.com/images/P/0380754509.01.MZZZZZZZ.jpg
038076654X,Petals on the River,Historical Romance,Kathleen E. Woodiwiss,1997,Avon Trade,http://images.amazon.com/images/P/038076654X.01.MZZZZZZZ.jpg
380807866,The Elusive Flame,Historical Romance,Kathleen E. Woodiwiss,1999,Avon,http://images.amazon.com/images/P/0380807866.01.MZZZZZZZ.jpg
385316895,Legacy of Silence,"Romance, Suspense",Belva Plain,1998,Bantam Dell Pub Group,http://images.amazon.com/images/P/0385316895.01.MZZZZZZZ.jpg
385497466,The Brethren,"Legal Thriller, Political Thriller",JOHN GRISHAM,2000,Doubleday,http://images.amazon.com/images/P/0385497466.01.MZZZZZZZ.jpg
385508042,The King of Torts,Legal Thriller,John Grisham,2003,Doubleday Books,http://images.amazon.com/images/P/0385508042.01.MZZZZZZZ.jpg
385509456,The Curious Incident of the Dog in the Night-Time : A Novel,"Mystery, Contemporary Fiction",MARK HADDON,2003,Doubleday,http://images.amazon.com/images/P/0385509456.01.MZZZZZZZ.jpg
385511612,Bleachers,"Sports Fiction, Drama",John Grisham,2003,Doubleday,http://images.amazon.com/images/P/0385511612.01.MZZZZZZZ.jpg
385730586,Sisterhood of the Traveling Pants,"Young Adult, Contemporary",ANN BRASHARES,2003,Delacorte Books for Young Readers,http://images.amazon.com/images/P/0385730586.01.MZZZZZZZ.jpg
425164403,Only Love (Magical Love),"Romance, Fiction",Erich Segal,1998,Berkley Publishing Group,http://images.amazon.com/images/P/0425164403.01.MZZZZZZZ.jpg
440234964,All or Nothing (Wheeler Large Print Books),"Romance, Contemporary Fiction",Elizabeth Adler,2000,Island,http://images.amazon.com/images/P/0440234964.01.MZZZZZZZ.jpg
446605484,Roses Are Red (Alex Cross Novels),"Crime Thriller, Mystery",James Patterson,2001,Warner Vision,http://images.amazon.com/images/P/0446605484.01.MZZZZZZZ.jpg
446610399,The Rescue,"Romance, Drama",Nicholas Sparks,2001,Warner Books,http://images.amazon.com/images/P/0446610399.01.MZZZZZZZ.jpg
449006522,Manhattan Hunt Club,"Thriller, Suspense",JOHN SAUL,2002,Ballantine Books,http://images.amazon.com/images/P/0449006522.01.MZZZZZZZ.jpg
449911004,Patty Jane's House of Curl (Ballantine Reader's Circle),"Contemporary Fiction, Women�s Fiction",LORNA LANDVIK,1996,Ballantine Books,http://images.amazon.com/images/P/0449911004.01.MZZZZZZZ.jpg
451162072,Pet Sematary,"Horror, Supernatural",Stephen King,1994,Signet Book,http://images.amazon.com/images/P/0451162072.01.MZZZZZZZ.jpg
451186648,Silent Snow,"Mystery, Thriller",Steve Thayer,2000,Signet Book,http://images.amazon.com/images/P/0451186648.01.MZZZZZZZ.jpg
452282152,Girl with a Pearl Earring,"Historical Fiction, Art",Tracy Chevalier,2001,Plume Books,http://images.amazon.com/images/P/0452282152.01.MZZZZZZZ.jpg
051513290X,Summer of Storms,Romantic Suspense,Judith Kelman,2002,Jove Books,http://images.amazon.com/images/P/051513290X.01.MZZZZZZZ.jpg
553580388,The Patient,Medical Thriller,Michael Palmer,2001,Bantam Books,http://images.amazon.com/images/P/0553580388.01.MZZZZZZZ.jpg
590598848,"Demona's Revenge (Gargoyles, No. 2)","Fantasy, Children's Fiction",Francine Hughes,1995,Scholastic,http://images.amazon.com/images/P/0590598848.01.MZZZZZZZ.jpg
590629719,Clifford's Sports Day,Children's Fiction,Norman Bridwell,1996,Scholastic,http://images.amazon.com/images/P/0590629719.01.MZZZZZZZ.jpg
671023616,Postmortem (Kay Scarpetta Mysteries (Paperback)),"Mystery, Crime Thriller",Patricia Cornwell,1998,Pocket,http://images.amazon.com/images/P/0671023616.01.MZZZZZZZ.jpg
671027387,Deception Point,"Techno-thriller, Political Thriller",Dan Brown,2002,Pocket,http://images.amazon.com/images/P/0671027387.01.MZZZZZZZ.jpg
684848783,Tis : A Memoir,"Memoir, Biography",Frank McCourt,1999,Scribner,http://images.amazon.com/images/P/0684848783.01.MZZZZZZZ.jpg
743486226,Angels &amp, Demons,"Thriller, Mystery",Dan Brown,2003,Atria
786863986,A Monk Swimming,"Memoir, Humor",Malachy McCourt,1998,Hyperion,http://images.amazon.com/images/P/0786863986.01.MZZZZZZZ.jpg
803251718,Crazy Horse,"Biography, History",Mari Sandoz,1961,University of Nebraska Press,http://images.amazon.com/images/P/0803251718.01.MZZZZZZZ.jpg
804117934,The Silent Cry (William Monk Novels (Paperback)),Historical Mystery,Anne Perry,1998,Ivy Books,http://images.amazon.com/images/P/0804117934.01.MZZZZZZZ.jpg
140003180X,The Kalahari Typing School for Men (No. 1 Ladies' Detective Agency),"Cozy Mystery, African Fiction",ALEXANDER MCCALL SMITH,2004,Anchor,http://images.amazon.com/images/P/140003180X.01.MZZZZZZZ.jpg
155874262X,Chicken Soup for the Soul (Chicken Soup for the Soul),"Self-help, Inspirational",Jack Canfield,1993,Health Communications,http://images.amazon.com/images/P/155874262X.01.MZZZZZZZ.jpg
60987103,Wicked: The Life and Times of the Wicked Witch of the West,"Fantasy, Retelling",Gregory Maguire,1996,Regan Books,http://images.amazon.com/images/P/0060987103.01.MZZZZZZZ.jpg
151008116,Life of Pi,"Adventure, Philosophical Fiction",Yann Martel,2002,Harcourt,http://images.amazon.com/images/P/0151008116.01.MZZZZZZZ.jpg
375704965,A Judgement in Stone,"Psychological Thriller, Mystery",Ruth Rendell,2000,Vintage Books USA,http://images.amazon.com/images/P/0375704965.01.MZZZZZZZ.jpg
525947647,Lies and the Lying Liars Who Tell Them: A Fair and Balanced Look at the Right,"Political Satire, Non-fiction",Al Franken,2003,Dutton Books,http://images.amazon.com/images/P/0525947647.01.MZZZZZZZ.jpg
804111359,Secret History,"Mystery, Literary Fiction",DONNA TARTT,1993,Ballantine Books,http://images.amazon.com/images/P/0804111359.01.MZZZZZZZ.jpg
1558744150,Chicken Soup for the Woman's Soul (Chicken Soup for the Soul Series (Paper)),"Self-help, Inspirational",Jack Canfield,1996,Health Communications,http://images.amazon.com/images/P/1558744150.01.MZZZZZZZ.jpg
435272683,Great Expectations (Heinemann Guided Readers),"Classic, Literary Fiction",John Milne,1995,Delta Systems,http://images.amazon.com/images/P/0435272683.01.MZZZZZZZ.jpg
316782505,The Weight of Water,"Historical Fiction, Mystery",Anita Shreve,2001,"Little, Brown",http://images.amazon.com/images/P/0316782505.01.MZZZZZZZ.jpg
006102063X,Moving Pictures (Discworld Novels (Paperback)),"Fantasy, Satire",Terry Pratchett,2002,HarperTorch,http://images.amazon.com/images/P/006102063X.01.MZZZZZZZ.jpg
60013117,Night Watch,"Fantasy, Humor",Terry Pratchett,2002,HarperCollins,http://images.amazon.com/images/P/0060013117.01.MZZZZZZZ.jpg
60199563,Thief of Time,"Fantasy, Satire",Terry Pratchett,2001,HarperCollins Publishers,http://images.amazon.com/images/P/0060199563.01.MZZZZZZZ.jpg
006052779X,Charlotte's Web Book and Charm (Charming Classics),"Children's Literature, Classic",E. B. White,2003,HarperFestival,http://images.amazon.com/images/P/006052779X.01.MZZZZZZZ.jpg
60563079,Peter Pan: The Original Story (Peter Pan),"Children's Literature, Fantasy",J. M. Barrie,2003,HarperFestival,http://images.amazon.com/images/P/0060563079.01.MZZZZZZZ.jpg
60809027,My Friend Flicka,"Children's Literature, Adventure",Mary O'Hara,1988,Perennial,http://images.amazon.com/images/P/0060809027.01.MZZZZZZZ.jpg
61040967,The Last Hero : A Discworld Fable (Discworld Novels (Hardcover)),"Fantasy, Humor",Terry Pratchett,2001,HarperCollins,http://images.amazon.com/images/P/0061040967.01.MZZZZZZZ.jpg
61050474,Jingo: A Discworld Novel (Discworld Series/Terry Pratchett),"Fantasy, Satire",Terry Pratchett,1998,HarperPrism,http://images.amazon.com/images/P/0061050474.01.MZZZZZZZ.jpg
61052515,"Maskerade: A Novel of Discworld (Pratchett, Terry. Discworld Series (New York, N.Y.).)","Fantasy, Humor",Terry Pratchett,1997,HarperPrism,http://images.amazon.com/images/P/0061052515.01.MZZZZZZZ.jpg
61052523,Interesting Times: A Novel of Discworld,"Fantasy, Satire",Terry Pratchett,1997,Harpercollins,http://images.amazon.com/images/P/0061052523.01.MZZZZZZZ.jpg
64472264,"On the Bright Side, I'm Now the Girlfriend of a Sex God: Further Confessions of Georgia Nicolson","Young Adult, Humor",Louise Rennison,2002,HarperTempest,http://images.amazon.com/images/P/0064472264.01.MZZZZZZZ.jpg
140620664,Mansfield Park (Penguin Popular Classics),"Classic, Romance",Jane Austen,1994,Penguin Books Ltd,http://images.amazon.com/images/P/0140620664.01.MZZZZZZZ.jpg
312148267,The Wind in the Willows,"Children's Literature, Classic",Kenneth Grahame,1996,St. Martin's Press,http://images.amazon.com/images/P/0312148267.01.MZZZZZZZ.jpg
312156960,The Winter King: A Novel of Arthur (The Warlord Chronicles: I),"Historical Fiction, Fantasy",Bernard Cornwell,1997,St. Martin's Griffin,http://images.amazon.com/images/P/0312156960.01.MZZZZZZZ.jpg
312890044,Moonheart (Newford),"Urban Fantasy, Mythology",Charles de Lint,1994,Orb Books,http://images.amazon.com/images/P/0312890044.01.MZZZZZZZ.jpg
034543191X,The King of Elfland's Daughter (Del Rey Impact),"Fantasy, Classic",Edward John Moreton Drax Plunkett Dunsany,1999,Del Rey Books,http://images.amazon.com/images/P/034543191X.01.MZZZZZZZ.jpg
373836023,Powder and Patch,Historical Romance,Georgette Heyer,2004,Harlequin,http://images.amazon.com/images/P/0373836023.01.MZZZZZZZ.jpg
375751513,The Picture of Dorian Gray (Modern Library (Paperback)),"Classic, Gothic Fiction",OSCAR WILDE,1998,Modern Library,http://images.amazon.com/images/P/0375751513.01.MZZZZZZZ.jpg
375801677,The Iron Giant,"Children's Literature, Science Fiction",Ted Hughes,1999,Knopf Books for Young Readers,http://images.amazon.com/images/P/0375801677.01.MZZZZZZZ.jpg
375814248,James and the Giant Peach,"Children's Literature, Fantasy",ROALD DAHL,2002,Knopf Books for Young Readers,http://images.amazon.com/images/P/0375814248.01.MZZZZZZZ.jpg
375823352,"The Amber Spyglass (His Dark Materials, Book 3)","Fantasy, Young Adult",PHILIP PULLMAN,2002,Knopf Books for Young Readers,http://images.amazon.com/images/P/0375823352.01.MZZZZZZZ.jpg
037582345X,"The Golden Compass (His Dark Materials, Book 1)","Fantasy, Young Adult",PHILIP PULLMAN,2002,Knopf Books for Young Readers,http://images.amazon.com/images/P/037582345X.01.MZZZZZZZ.jpg
375823468,"The Subtle Knife (His Dark Materials, Book 2)","Fantasy, Young Adult",PHILIP PULLMAN,2002,Knopf Books for Young Readers,http://images.amazon.com/images/P/0375823468.01.MZZZZZZZ.jpg
380730448,"The Adrian Mole Diaries : The Secret Diary of Adrian Mole, Aged 13 3/4 : The Growing Pains of Adrian Mole","Young Adult, Humor",Sue Townsend,1997,Perennial,http://images.amazon.com/images/P/0380730448.01.MZZZZZZZ.jpg
380973839,Martian Chronicles,"Science Fiction, Classic",Ray Bradbury,1997,William Morrow,http://images.amazon.com/images/P/0380973839.01.MZZZZZZZ.jpg
385327773,The Great God Pan,"Horror, Supernatural",Donna Jo Napoli,2003,Wendy Lamb Books,http://images.amazon.com/images/P/0385327773.01.MZZZZZZZ.jpg
394586239,Possession: A Romance,"Literary Fiction, Mystery",A. S. Byatt,1990,Random House Inc,http://images.amazon.com/images/P/0394586239.01.MZZZZZZZ.jpg
439510112,Born Confused,"Young Adult, Contemporary",Tanuja Desai Hidier,2003,Push,http://images.amazon.com/images/P/0439510112.01.MZZZZZZZ.jpg
440241413,Confessions of a Shopaholic,"Chick Lit, Humor",SOPHIE KINSELLA,2003,Dell,http://images.amazon.com/images/P/0440241413.01.MZZZZZZZ.jpg
451409256,Making Minty Malone,"Romantic Comedy, Contemporary",Isabel Wolff,2000,Onyx Books,http://images.amazon.com/images/P/0451409256.01.MZZZZZZZ.jpg
451523415,Little Women (Signet Classic),"Classic, Historical Fiction",Louisa May Alcott,1988,Signet Classics,http://images.amazon.com/images/P/0451523415.01.MZZZZZZZ.jpg
451526279,Emma (Signet Classics (Paperback)),"Classic, Romance",Jane Austen,1996,Signet Classics,http://images.amazon.com/images/P/0451526279.01.MZZZZZZZ.jpg
451526341,Animal Farm,"Dystopian, Political Fiction",George Orwell,2004,Signet,http://images.amazon.com/images/P/0451526341.01.MZZZZZZZ.jpg
553280589,Eva Luna,"Magical Realism, Historical Fiction",Isabel Allende,1989,Bantam Books,http://images.amazon.com/images/P/0553280589.01.MZZZZZZZ.jpg
571197639,Poisonwood Bible Edition Uk,"Historical Fiction, Literary Fiction",Barbara Kingsolver,0,Faber Faber Inc,http://images.amazon.com/images/P/0571197639.01.MZZZZZZZ.jpg
670035262,The Green Man : Tales from the Mythic Forest,"Mythology, Fantasy",Ellen Datlow,2002,Viking Juvenile,http://images.amazon.com/images/P/0670035262.01.MZZZZZZZ.jpg
679423079,Nicholas Nickleby (Everyman's Library),"Classic, Historical Fiction",Charles Dickens,1993,Alfred A. Knopf,http://images.amazon.com/images/P/0679423079.01.MZZZZZZZ.jpg
679751343,Angels &amp, Insects : Two Novellas,"Historical Fiction, Gothic",A.S. BYATT,1994,Vintage
684833395,Catch 22,"Satire, War Fiction",Joseph Heller,1996,Simon &amp, Schuster
743245024,The Forsyte Saga : The Man of Property and In Chancery,"Classic, Historical Fiction",John Galsworthy,2002,Touchstone,http://images.amazon.com/images/P/0743245024.01.MZZZZZZZ.jpg
749748001,The Enchanted Wood,Children's Fantasy,Enid Blyton,2002,Egmont Childrens Books,http://images.amazon.com/images/P/0749748001.01.MZZZZZZZ.jpg
749748028,The Folk of the Faraway Tree,Children's Fantasy,Enid Blyton,2002,Egmont Childrens Books,http://images.amazon.com/images/P/0749748028.01.MZZZZZZZ.jpg
963094424,Angels and Visitations: A Miscellany,"Fantasy, Short Stories",Neil Gaiman,1993,Dreamhaven Books,http://images.amazon.com/images/P/0963094424.01.MZZZZZZZ.jpg
1401201172,"League of Extraordinary Gentlemen, Vol. 2 (Comic)","Graphic Novel, Steampunk",Alan Moore,2003,DC Comics,http://images.amazon.com/images/P/1401201172.01.MZZZZZZZ.jpg
1563892278,"Preludes and Nocturnes (Sandman, Book 1)","Graphic Novel, Dark Fantasy",Neil Gaiman,1998,DC Comics,http://images.amazon.com/images/P/1563892278.01.MZZZZZZZ.jpg
1563898586,"The League of Extraordinary Gentlemen, Vol. 1","Graphic Novel, Steampunk",Alan Moore,2002,DC Comics,http://images.amazon.com/images/P/1563898586.01.MZZZZZZZ.jpg
156971620X,Harlequin Valentine,"Graphic Novel, Romance",Neil Gaiman,2002,Dark Horse Comics,http://images.amazon.com/images/P/156971620X.01.MZZZZZZZ.jpg
1592571301,Alpha Teach Yourself American Sign Language in 24 Hours (Alpha Teach Yourself in 24 Hours),,Trudy Suggs,2003,Alpha Books,http://images.amazon.com/images/P/1592571301.01.MZZZZZZZ.jpg
